,Temporal Features + Temperature,Temperature,Temporal Features
Day-Ahead,5.090237324778186,2.7115761924302877,4.9838233942664605
Week-Ahead,3.9475754849331643,12.033154700603566,3.845181848120872
Month-Ahead,4.6977540109600575,12.482300366679983,4.745442446181116
6-Months Ahead,5.501432492157124,10.108303330315218,5.522000414832793
