,Temporal Features + Temperature,Temperature,Temporal Features
Lineare Regression,6.061010281862902,11.592391125332979,6.056923489629614
Random Forest Regressor,7.208382296033002,11.373531232668846,7.208069717993966
Lasso Regression,6.324399461280425,11.592416183988691,6.314277989247315
